config,seed,val_roc,val_prc,test_roc,test_prc
all6_a010_f20,42,0.9165245884170707,0.887118056654069,0.9191961363723866,0.9546014948767251
all6_a010_f20,100,0.9189621183867015,0.8897714796317143,0.9226801802421195,0.9549554151049559
all6_a010_f20,2024,0.9172971388992488,0.8860386494927995,0.9213542841192226,0.9549046116528683
all6_a010_f20,777,0.9206803772177528,0.8941606744435933,0.9254149913921601,0.9590174968782557
all6_a010_f20,1213,0.9073738611540305,0.877068714791161,0.9126465807899412,0.9520499708511418
no_zero_gap_a010_f20,42,0.9149395279450157,0.8758694723915459,0.91898472177151,0.9541946345026225
no_zero_gap_a010_f20,100,0.9207869359049496,0.8885597009974928,0.9240829075248473,0.955657352131674
no_zero_gap_a010_f20,2024,0.9169774628376578,0.8856026632175462,0.9199675418429027,0.9542786743661351
no_zero_gap_a010_f20,777,0.9188422398636049,0.8930607594746468,0.9250481956537283,0.959157670011858
no_zero_gap_a010_f20,1213,0.9093451968671746,0.8762585790716162,0.9134657693978913,0.9517965008843086
core_a005_f20,42,0.9162049123554797,0.8896570689032501,0.920478030757215,0.9564346311593798
core_a005_f20,100,0.9209867334434441,0.8931676915414367,0.9236954859716958,0.955732620253219
core_a005_f20,2024,0.9167909851350631,0.8868530385982659,0.9194496620116493,0.9542886928788452
core_a005_f20,777,0.9185092439661144,0.8924277292109069,0.9235571211312846,0.9587801657876264
core_a005_f20,1213,0.9102775853801481,0.8815720342963991,0.9145541248879331,0.9529359422177058
no_zero_gap_a005_f10,42,0.918269486919921,0.8896040518989023,0.9211009303617493,0.9563289996003692
no_zero_gap_a005_f10,100,0.9238904576695616,0.8948970244397041,0.9246624929184702,0.9563745495582536
no_zero_gap_a005_f10,2024,0.9168043049709627,0.8845490204044124,0.9192621389794896,0.954399442768405
no_zero_gap_a005_f10,777,0.9229980286642868,0.8990088377888138,0.9256399846543938,0.959551228760213
no_zero_gap_a005_f10,1213,0.9076002983643242,0.8772347339139135,0.9124410101699016,0.9517584134529578
